effective_intercept,coef_year,coef_mileage,coef_condition_score
-1183416.758331413,593.5466154704053,-0.10354793106844154,62.34381838486412
